accurate,hallucination,kb_article,chat_history,assistant_response
true,Pass,"1. **Initial Acknowledgment** - Greet the customer warmly and thank them for reaching out. - Acknowledge their complaint and express empathy for their situation. - Example: ""I’m sorry to hear that you’ve had a negative experience. I’m here to help you resolve this."" 2. **Gather Information** - Ask the customer to provide details about their complaint. - Use open-ended questions to encourage them to share their experience. - Example questions: - ""Can you please describe what happened?"" - ""What specific issue are you facing?"" 3. **Categorize the Complaint** - Determine the nature of the complaint and categorize it into one of the following: - Product Issue: Defective or not as described - Service Issue: Poor customer service experience - Delivery Issue: Late or missing delivery - Billing Issue: Incorrect charges or billing errors - Document the category for internal tracking. 4. **Assess the Situation** - For each category, follow the specific steps: 4a. **Product Issue** - Ask for details about the product and any relevant order information. - Offer a replacement or refund based on company policy. - If a replacement is requested, confirm the customer's shipping address. 4b. **Service Issue** - Apologize for the poor service and ask for specifics on what went wrong. - Offer to escalate the issue to a supervisor if necessary. - Provide assurance that the feedback will be used for training purposes. 4c. **Delivery Issue** - Verify the order status using the tracking information. - If the order is delayed, provide an estimated delivery date. - If the order is missing, initiate a trace with the shipping carrier. 4d. **Billing Issue** - Review the customer’s account and transaction history. - If an error is found, correct it and inform the customer of the adjustment. - If the charge is valid, explain the reason for the charge clearly. 5. **Propose a Resolution** - Based on the assessment, propose a resolution to the customer. - Ensure the resolution aligns with company policy and is satisfactory to the customer. - Example: ""To resolve this, I can offer you a full refund or a replacement. Which would you prefer?"" 6. **Confirm Resolution** - Once the customer agrees to the proposed resolution, confirm the details. - Provide any necessary follow-up information, such as refund timelines or replacement shipping details. 7. **Follow-Up** - Schedule a follow-up contact (if applicable) to ensure the issue has been resolved to the customer’s satisfaction. - Example: ""I will follow up with you in a week to ensure everything is resolved. Is that okay?"" 8. **Document the Complaint** - Record the complaint details, resolution offered, and any follow-up actions in the customer support system for future reference. 9. **Close the Interaction** - Thank the customer for their patience and understanding. - Ask if there is anything else you can assist them with today. - Example: ""Thank you for bringing this to our attention. Is there anything else I can help you with today?""","[{'role': 'user', 'content': 'I had a terrible experience with my last order.'}, {'role': 'assistant', 'content': 'I’m sorry to hear that you’ve had a negative experience. I’m here to help you resolve this. Can you please describe what happened?'}, {'role': 'user', 'content': 'The item I received was defective and not as described.'}]","{'role': 'assistant', 'content': 'Thank you for sharing that. Can you provide me with the order details and any specific information about the defect? Once I have that, I can offer you a replacement or a refund.'}"
true,Pass,"1. **Initial Acknowledgment** - Greet the customer warmly and thank them for reaching out. - Acknowledge their complaint and express empathy for their situation. - Example: ""I’m sorry to hear that you’ve had a negative experience. I’m here to help you resolve this."" 2. **Gather Information** - Ask the customer to provide details about their complaint. - Use open-ended questions to encourage them to share their experience. - Example questions: - ""Can you please describe what happened?"" - ""What specific issue are you facing?"" 3. **Categorize the Complaint** - Determine the nature of the complaint and categorize it into one of the following: - Product Issue: Defective or not as described - Service Issue: Poor customer service experience - Delivery Issue: Late or missing delivery - Billing Issue: Incorrect charges or billing errors - Document the category for internal tracking. 4. **Assess the Situation** - For each category, follow the specific steps: 4a. **Product Issue** - Ask for details about the product and any relevant order information. - Offer a replacement or refund based on company policy. - If a replacement is requested, confirm the customer's shipping address. 4b. **Service Issue** - Apologize for the poor service and ask for specifics on what went wrong. - Offer to escalate the issue to a supervisor if necessary. - Provide assurance that the feedback will be used for training purposes. 4c. **Delivery Issue** - Verify the order status using the tracking information. - If the order is delayed, provide an estimated delivery date. - If the order is missing, initiate a trace with the shipping carrier. 4d. **Billing Issue** - Review the customer’s account and transaction history. - If an error is found, correct it and inform the customer of the adjustment. - If the charge is valid, explain the reason for the charge clearly. 5. **Propose a Resolution** - Based on the assessment, propose a resolution to the customer. - Ensure the resolution aligns with company policy and is satisfactory to the customer. - Example: ""To resolve this, I can offer you a full refund or a replacement. Which would you prefer?"" 6. **Confirm Resolution** - Once the customer agrees to the proposed resolution, confirm the details. - Provide any necessary follow-up information, such as refund timelines or replacement shipping details. 7. **Follow-Up** - Schedule a follow-up contact (if applicable) to ensure the issue has been resolved to the customer’s satisfaction. - Example: ""I will follow up with you in a week to ensure everything is resolved. Is that okay?"" 8. **Document the Complaint** - Record the complaint details, resolution offered, and any follow-up actions in the customer support system for future reference. 9. **Close the Interaction** - Thank the customer for their patience and understanding. - Ask if there is anything else you can assist them with today. - Example: ""Thank you for bringing this to our attention. Is there anything else I can help you with today?""","[{'role': 'user', 'content': 'I had a terrible experience with my last order.'}, {'role': 'assistant', 'content': 'I’m sorry to hear that you’ve had a negative experience. I’m here to help you resolve this. Can you please describe what happened?'}, {'role': 'user', 'content': 'The item I received was defective and not as described.'}]","{'role': 'assistant', 'content': 'Thank you for sharing that. Can you provide me with the order details and any specific information about the defect? Once I have that, I can offer you a replacement or a refund.'}"
true,Pass,"1. **Initial Acknowledgment** - Greet the customer warmly and thank them for reaching out. - Acknowledge their complaint and express empathy for their situation. - Example: ""I’m sorry to hear that you’ve had a negative experience. I’m here to help you resolve this."" 2. **Gather Information** - Ask the customer to provide details about their complaint. - Use open-ended questions to encourage them to share their experience. - Example questions: - ""Can you please describe what happened?"" - ""What specific issue are you facing?"" 3. **Categorize the Complaint** - Determine the nature of the complaint and categorize it into one of the following: - Product Issue: Defective or not as described - Service Issue: Poor customer service experience - Delivery Issue: Late or missing delivery - Billing Issue: Incorrect charges or billing errors - Document the category for internal tracking. 4. **Assess the Situation** - For each category, follow the specific steps: 4a. **Product Issue** - Ask for details about the product and any relevant order information. - Offer a replacement or refund based on company policy. - If a replacement is requested, confirm the customer's shipping address. 4b. **Service Issue** - Apologize for the poor service and ask for specifics on what went wrong. - Offer to escalate the issue to a supervisor if necessary. - Provide assurance that the feedback will be used for training purposes. 4c. **Delivery Issue** - Verify the order status using the tracking information. - If the order is delayed, provide an estimated delivery date. - If the order is missing, initiate a trace with the shipping carrier. 4d. **Billing Issue** - Review the customer’s account and transaction history. - If an error is found, correct it and inform the customer of the adjustment. - If the charge is valid, explain the reason for the charge clearly. 5. **Propose a Resolution** - Based on the assessment, propose a resolution to the customer. - Ensure the resolution aligns with company policy and is satisfactory to the customer. - Example: ""To resolve this, I can offer you a full refund or a replacement. Which would you prefer?"" 6. **Confirm Resolution** - Once the customer agrees to the proposed resolution, confirm the details. - Provide any necessary follow-up information, such as refund timelines or replacement shipping details. 7. **Follow-Up** - Schedule a follow-up contact (if applicable) to ensure the issue has been resolved to the customer’s satisfaction. - Example: ""I will follow up with you in a week to ensure everything is resolved. Is that okay?"" 8. **Document the Complaint** - Record the complaint details, resolution offered, and any follow-up actions in the customer support system for future reference. 9. **Close the Interaction** - Thank the customer for their patience and understanding. - Ask if there is anything else you can assist them with today. - Example: ""Thank you for bringing this to our attention. Is there anything else I can help you with today?""","[{'role': 'user', 'content': 'I had a terrible experience with my last order.'}, {'role': 'assistant', 'content': 'I’m sorry to hear that you’ve had a negative experience. I’m here to help you resolve this. Can you please describe what happened?'}, {'role': 'user', 'content': 'The item I received was defective and not as described.'}]","{'role': 'assistant', 'content': 'Thank you for sharing that. Can you provide me with the order details and any specific information about the defect? Once I have that, I can offer you a replacement or a refund.'}"
true,Pass,"1. **Determine the customer's shipping inquiry** - Ask the customer to specify their question or concern regarding shipping. Common inquiries may include: - Order status - Shipping rates - Delivery times - Address changes - Lost or damaged shipments 2. **If the inquiry is about Order Status** - Request the customer's order number. - Check the order status in the system. - Provide the customer with the current status (e.g., processing, shipped, delivered). - If the order is shipped, provide the tracking number and a link to the carrier's tracking page. 3. **If the inquiry is about Shipping Rates** - Ask the customer for their shipping destination (zip code or country). - Use the shipping calculator tool to determine the rates based on the destination and the items in the cart. - Inform the customer of the available shipping options and their respective costs. 4. **If the inquiry is about Delivery Times** - Ask the customer for their shipping destination and the shipping method they selected. - Provide estimated delivery times based on the shipping method (e.g., standard, expedited). - If the order is already placed, refer to the order status for more accurate delivery estimates. 5. **If the inquiry is about Address Changes** - Verify the customer's identity by asking for their order number and email address. - If the order has not yet shipped, update the shipping address in the system. - If the order has already shipped, inform the customer that changes cannot be made and advise them to contact the carrier for further assistance. 6. **If the inquiry is about Lost or Damaged Shipments** - Request the customer's order number and tracking number. - Check the tracking information to determine the status of the shipment. - If the package is marked as delivered but not received, advise the customer to check with neighbors or their local post office. - If the package is confirmed lost or damaged, initiate a claim with the shipping carrier and inform the customer of the next steps. 7. **Provide additional support before closing out the ticket** - Ask the customer if there is anything else you can assist them with regarding shipping or any other inquiries. - Thank the customer for reaching out and assure them that their satisfaction is important to us.","[{'role': 'user', 'content': 'Can you tell me about my order status?'}, {'role': 'assistant', 'content': 'Sure! Could you please provide me with your order number?'}, {'role': 'user', 'content': 'My order number is 12345.'}]","{'role': 'assistant', 'content': 'Thank you! Let me check that for you. Your order is currently being processed. Once it ships, I will provide you with the tracking number and a link to track it.'}"
true,Fail,"1. **Determine the customer's shipping inquiry** - Ask the customer to specify their question or concern regarding shipping. Common inquiries may include: - Order status - Shipping rates - Delivery times - Address changes - Lost or damaged shipments 2. **If the inquiry is about Order Status** - Request the customer's order number. - Check the order status in the system. - Provide the customer with the current status (e.g., processing, shipped, delivered). - If the order is shipped, provide the tracking number and a link to the carrier's tracking page. 3. **If the inquiry is about Shipping Rates** - Ask the customer for their shipping destination (zip code or country). - Use the shipping calculator tool to determine the rates based on the destination and the items in the cart. - Inform the customer of the available shipping options and their respective costs. 4. **If the inquiry is about Delivery Times** - Ask the customer for their shipping destination and the shipping method they selected. - Provide estimated delivery times based on the shipping method (e.g., standard, expedited). - If the order is already placed, refer to the order status for more accurate delivery estimates. 5. **If the inquiry is about Address Changes** - Verify the customer's identity by asking for their order number and email address. - If the order has not yet shipped, update the shipping address in the system. - If the order has already shipped, inform the customer that changes cannot be made and advise them to contact the carrier for further assistance. 6. **If the inquiry is about Lost or Damaged Shipments** - Request the customer's order number and tracking number. - Check the tracking information to determine the status of the shipment. - If the package is marked as delivered but not received, advise the customer to check with neighbors or their local post office. - If the package is confirmed lost or damaged, initiate a claim with the shipping carrier and inform the customer of the next steps. 7. **Provide additional support before closing out the ticket** - Ask the customer if there is anything else you can assist them with regarding shipping or any other inquiries. - Thank the customer for reaching out and assure them that their satisfaction is important to us.","[{'role': 'user', 'content': 'Can you tell me about my order status?'}, {'role': 'assistant', 'content': 'Sure! Could you please provide me with your order number?'}, {'role': 'user', 'content': 'My order number is 12345.'}]","{'role': 'assistant', 'content': 'Thank you! Let me check that for you. Your order is currently being processed. Once it ships, I will provide you with the tracking number and a link to track it.'}"
true,Pass,"1. **Determine the customer's shipping inquiry** - Ask the customer to specify their question or concern regarding shipping. Common inquiries may include: - Order status - Shipping rates - Delivery times - Address changes - Lost or damaged shipments 2. **If the inquiry is about Order Status** - Request the customer's order number. - Check the order status in the system. - Provide the customer with the current status (e.g., processing, shipped, delivered). - If the order is shipped, provide the tracking number and a link to the carrier's tracking page. 3. **If the inquiry is about Shipping Rates** - Ask the customer for their shipping destination (zip code or country). - Use the shipping calculator tool to determine the rates based on the destination and the items in the cart. - Inform the customer of the available shipping options and their respective costs. 4. **If the inquiry is about Delivery Times** - Ask the customer for their shipping destination and the shipping method they selected. - Provide estimated delivery times based on the shipping method (e.g., standard, expedited). - If the order is already placed, refer to the order status for more accurate delivery estimates. 5. **If the inquiry is about Address Changes** - Verify the customer's identity by asking for their order number and email address. - If the order has not yet shipped, update the shipping address in the system. - If the order has already shipped, inform the customer that changes cannot be made and advise them to contact the carrier for further assistance. 6. **If the inquiry is about Lost or Damaged Shipments** - Request the customer's order number and tracking number. - Check the tracking information to determine the status of the shipment. - If the package is marked as delivered but not received, advise the customer to check with neighbors or their local post office. - If the package is confirmed lost or damaged, initiate a claim with the shipping carrier and inform the customer of the next steps. 7. **Provide additional support before closing out the ticket** - Ask the customer if there is anything else you can assist them with regarding shipping or any other inquiries. - Thank the customer for reaching out and assure them that their satisfaction is important to us.","[{'role': 'user', 'content': 'Can you tell me about my order status?'}, {'role': 'assistant', 'content': 'Sure! Could you please provide me with your order number?'}, {'role': 'user', 'content': 'My order number is 12345.'}]","{'role': 'assistant', 'content': 'Thank you! Let me check that for you. Your order is currently being processed. Once it ships, I will provide you with the tracking number and a link to track it.'}"
true,Pass,"1. **Initial Acknowledgment** - Greet the customer warmly and thank them for reaching out. - Confirm that you value their feedback and it is important for improving our products and services. 2. **Gather Feedback** - Ask the customer to provide specific details about their feedback: - What product are they providing feedback on? - What aspects of the product do they want to comment on? (e.g., quality, usability, features, etc.) - If applicable, ask if they have any suggestions for improvement. 3. **Categorize Feedback** - Classify the feedback into one of the following categories: - Positive: Compliments or praise about the product. - Constructive: Suggestions for improvement or issues encountered. - Negative: Complaints or serious issues with the product. 4. **Document Feedback** - Record the feedback in the designated feedback tracking system. - Include the customer’s name, contact information, product details, and a summary of their feedback. 5. **Respond to Customer** - For Positive Feedback: - Thank the customer for their kind words and let them know their feedback will be shared with the relevant team. - For Constructive Feedback: - Thank the customer for their suggestions and assure them that their feedback will be reviewed by the product development team. - For Negative Feedback: - Apologize for their experience and assure them that their feedback is taken seriously. Offer to escalate the issue if necessary. 6. **Follow-Up** - If the feedback is constructive or negative, inform the customer that you will follow up with them after their feedback has been reviewed. - Set a reminder to follow up within 7-14 business days. 7. **Close the Interaction** - Ask the customer if there is anything else you can assist them with. - Thank them again for their feedback and for being a valued customer. 8. **Review and Analyze Feedback** - At the end of each month, review the collected feedback for trends and common issues. - Share insights with the product development and management teams to inform future product improvements.","[{'role': 'user', 'content': 'I wanted to give feedback on the new blender I purchased.'}, {'role': 'assistant', 'content': 'Thank you for reaching out! We truly value your feedback as it helps us improve our products and services. Could you please provide specific details about your feedback on the blender?'}, {'role': 'user', 'content': 'The blender works great, but I think it could be quieter.'}]","{'role': 'assistant', 'content': ""Thank you for your feedback! I'm glad to hear that the blender works great for you. I appreciate your suggestion about making it quieter, and I will ensure that it is reviewed by our product development team. Is there anything else I can assist you with today?""}"
true,Pass,"1. **Initial Acknowledgment** - Greet the customer warmly and thank them for reaching out. - Confirm that you value their feedback and it is important for improving our products and services. 2. **Gather Feedback** - Ask the customer to provide specific details about their feedback: - What product are they providing feedback on? - What aspects of the product do they want to comment on? (e.g., quality, usability, features, etc.) - If applicable, ask if they have any suggestions for improvement. 3. **Categorize Feedback** - Classify the feedback into one of the following categories: - Positive: Compliments or praise about the product. - Constructive: Suggestions for improvement or issues encountered. - Negative: Complaints or serious issues with the product. 4. **Document Feedback** - Record the feedback in the designated feedback tracking system. - Include the customer’s name, contact information, product details, and a summary of their feedback. 5. **Respond to Customer** - For Positive Feedback: - Thank the customer for their kind words and let them know their feedback will be shared with the relevant team. - For Constructive Feedback: - Thank the customer for their suggestions and assure them that their feedback will be reviewed by the product development team. - For Negative Feedback: - Apologize for their experience and assure them that their feedback is taken seriously. Offer to escalate the issue if necessary. 6. **Follow-Up** - If the feedback is constructive or negative, inform the customer that you will follow up with them after their feedback has been reviewed. - Set a reminder to follow up within 7-14 business days. 7. **Close the Interaction** - Ask the customer if there is anything else you can assist them with. - Thank them again for their feedback and for being a valued customer. 8. **Review and Analyze Feedback** - At the end of each month, review the collected feedback for trends and common issues. - Share insights with the product development and management teams to inform future product improvements.","[{'role': 'user', 'content': 'I wanted to give feedback on the new blender I purchased.'}, {'role': 'assistant', 'content': 'Thank you for reaching out! We truly value your feedback as it helps us improve our products and services. Could you please provide specific details about your feedback on the blender?'}, {'role': 'user', 'content': 'The blender works great, but I think it could be quieter.'}]","{'role': 'assistant', 'content': ""Thank you for your feedback! I'm glad to hear that the blender works great for you. I appreciate your suggestion about making it quieter, and I will ensure that it is reviewed by our product development team. Is there anything else I can assist you with today?""}"
true,Pass,"1. **Initial Acknowledgment** - Greet the customer warmly and thank them for reaching out. - Confirm that you value their feedback and it is important for improving our products and services. 2. **Gather Feedback** - Ask the customer to provide specific details about their feedback: - What product are they providing feedback on? - What aspects of the product do they want to comment on? (e.g., quality, usability, features, etc.) - If applicable, ask if they have any suggestions for improvement. 3. **Categorize Feedback** - Classify the feedback into one of the following categories: - Positive: Compliments or praise about the product. - Constructive: Suggestions for improvement or issues encountered. - Negative: Complaints or serious issues with the product. 4. **Document Feedback** - Record the feedback in the designated feedback tracking system. - Include the customer’s name, contact information, product details, and a summary of their feedback. 5. **Respond to Customer** - For Positive Feedback: - Thank the customer for their kind words and let them know their feedback will be shared with the relevant team. - For Constructive Feedback: - Thank the customer for their suggestions and assure them that their feedback will be reviewed by the product development team. - For Negative Feedback: - Apologize for their experience and assure them that their feedback is taken seriously. Offer to escalate the issue if necessary. 6. **Follow-Up** - If the feedback is constructive or negative, inform the customer that you will follow up with them after their feedback has been reviewed. - Set a reminder to follow up within 7-14 business days. 7. **Close the Interaction** - Ask the customer if there is anything else you can assist them with. - Thank them again for their feedback and for being a valued customer. 8. **Review and Analyze Feedback** - At the end of each month, review the collected feedback for trends and common issues. - Share insights with the product development and management teams to inform future product improvements.","[{'role': 'user', 'content': 'I wanted to give feedback on the new blender I purchased.'}, {'role': 'assistant', 'content': 'Thank you for reaching out! We truly value your feedback as it helps us improve our products and services. Could you please provide specific details about your feedback on the blender?'}, {'role': 'user', 'content': 'The blender works great, but I think it could be quieter.'}]","{'role': 'assistant', 'content': ""Thank you for your feedback! I'm glad to hear that the blender works great for you. I appreciate your suggestion about making it quieter, and I will ensure that it is reviewed by our product development team. Is there anything else I can assist you with today?""}"
true,Pass,"1. **Initial Acknowledgment** - Greet the customer warmly and thank them for reaching out. - Confirm that you value their feedback and it is important for improving our products and services. 2. **Gather Feedback** - Ask the customer to provide specific details about their feedback: - What product are they providing feedback on? - What aspects of the product do they want to comment on? (e.g., quality, usability, features, etc.) - If applicable, ask if they have any suggestions for improvement. 3. **Categorize Feedback** - Classify the feedback into one of the following categories: - Positive: Compliments or praise about the product. - Constructive: Suggestions for improvement or issues encountered. - Negative: Complaints or serious issues with the product. 4. **Document Feedback** - Record the feedback in the designated feedback tracking system. - Include the customer’s name, contact information, product details, and a summary of their feedback. 5. **Respond to Customer** - For Positive Feedback: - Thank the customer for their kind words and let them know their feedback will be shared with the relevant team. - For Constructive Feedback: - Thank the customer for their suggestions and assure them that their feedback will be reviewed by the product development team. - For Negative Feedback: - Apologize for their experience and assure them that their feedback is taken seriously. Offer to escalate the issue if necessary. 6. **Follow-Up** - If the feedback is constructive or negative, inform the customer that you will follow up with them after their feedback has been reviewed. - Set a reminder to follow up within 7-14 business days. 7. **Close the Interaction** - Ask the customer if there is anything else you can assist them with. - Thank them again for their feedback and for being a valued customer. 8. **Review and Analyze Feedback** - At the end of each month, review the collected feedback for trends and common issues. - Share insights with the product development and management teams to inform future product improvements.","[{'role': 'user', 'content': 'I wanted to give feedback on the new blender I purchased.'}, {'role': 'assistant', 'content': 'Thank you for reaching out! We truly value your feedback as it helps us improve our products and services. Could you please provide specific details about your feedback on the blender?'}, {'role': 'user', 'content': 'The blender works great, but I think it could be quieter.'}]","{'role': 'assistant', 'content': ""Thank you for your feedback! I'm glad to hear that the blender works great for you. I appreciate your suggestion about making it quieter, and I will ensure that it is reviewed by our product development team. Is there anything else I can assist you with today?""}"
true,Pass,"1. **Initial Inquiry** - Greet the customer and ask for details about the product in question, including: - Product name - Purchase date - Description of the issue 2. **Verify Warranty Status** - Check the product's warranty status based on the following criteria: - **Standard Warranty**: Most products come with a 1-year warranty from the date of purchase. - **Extended Warranty**: Some products may have an optional extended warranty purchased at the time of sale. - If the purchase date is within the warranty period, proceed to step 3. - If the purchase date is outside the warranty period, inform the customer that the warranty has expired and provide options for repair or replacement at their expense. 3. **Assess the Issue** - Determine if the issue is covered under the warranty by asking the following: - Is the issue due to a manufacturing defect? - Has the product been used according to the provided instructions? - If the issue is covered, proceed to step 4. - If the issue is not covered (e.g., due to misuse or accidental damage), inform the customer that the warranty does not apply and provide repair options. 4. **Process Warranty Claim** - If the warranty claim is valid: - Request the customer to provide proof of purchase (receipt or order confirmation). - Ask for any additional information or documentation needed (e.g., photos of the issue). - Confirm whether the customer prefers a repair, replacement, or refund. - If the customer opts for a replacement or refund, process the request according to company guidelines. 5. **Provide Instructions for Return** - If the product needs to be returned: - Provide the customer with a return shipping label and instructions on how to send the product back. - Inform them of the expected timeline for processing the warranty claim once the product is received. 6. **Follow-Up** - After processing the warranty claim, set a reminder to follow up with the customer within 7-10 business days to ensure their issue has been resolved satisfactorily. - Ask if there is anything else you can assist them with before closing the ticket. 7. **Documentation** - Document all interactions and decisions made regarding the warranty claim in the customer support system for future reference.","[{'role': 'user', 'content': 'I need help with a product issue.'}, {'role': 'assistant', 'content': ""Hello! I'd be happy to help you with that. Could you please provide me with the product name, purchase date, and a description of the issue?""}, {'role': 'user', 'content': ""It's a blender I bought on January 15, 2023. It stopped working suddenly.""}]","{'role': 'assistant', 'content': 'Thank you for the information. Since your purchase date is within the 1-year warranty period, I can assist you further. Can you tell me if the issue is due to a manufacturing defect and if the blender has been used according to the provided instructions?'}"
true,Pass,"1. **Initial Inquiry** - Greet the customer and ask for details about the product in question, including: - Product name - Purchase date - Description of the issue 2. **Verify Warranty Status** - Check the product's warranty status based on the following criteria: - **Standard Warranty**: Most products come with a 1-year warranty from the date of purchase. - **Extended Warranty**: Some products may have an optional extended warranty purchased at the time of sale. - If the purchase date is within the warranty period, proceed to step 3. - If the purchase date is outside the warranty period, inform the customer that the warranty has expired and provide options for repair or replacement at their expense. 3. **Assess the Issue** - Determine if the issue is covered under the warranty by asking the following: - Is the issue due to a manufacturing defect? - Has the product been used according to the provided instructions? - If the issue is covered, proceed to step 4. - If the issue is not covered (e.g., due to misuse or accidental damage), inform the customer that the warranty does not apply and provide repair options. 4. **Process Warranty Claim** - If the warranty claim is valid: - Request the customer to provide proof of purchase (receipt or order confirmation). - Ask for any additional information or documentation needed (e.g., photos of the issue). - Confirm whether the customer prefers a repair, replacement, or refund. - If the customer opts for a replacement or refund, process the request according to company guidelines. 5. **Provide Instructions for Return** - If the product needs to be returned: - Provide the customer with a return shipping label and instructions on how to send the product back. - Inform them of the expected timeline for processing the warranty claim once the product is received. 6. **Follow-Up** - After processing the warranty claim, set a reminder to follow up with the customer within 7-10 business days to ensure their issue has been resolved satisfactorily. - Ask if there is anything else you can assist them with before closing the ticket. 7. **Documentation** - Document all interactions and decisions made regarding the warranty claim in the customer support system for future reference.","[{'role': 'user', 'content': 'I need help with a product issue.'}, {'role': 'assistant', 'content': ""Hello! I'd be happy to help you with that. Could you please provide me with the product name, purchase date, and a description of the issue?""}, {'role': 'user', 'content': ""It's a blender I bought on January 15, 2023. It stopped working suddenly.""}]","{'role': 'assistant', 'content': 'Thank you for the information. Since your purchase date is within the 1-year warranty period, I can assist you further. Can you tell me if the issue is due to a manufacturing defect and if the blender has been used according to the provided instructions?'}"
true,Pass,"1. **Initial Inquiry** - Greet the customer and ask for details about the product in question, including: - Product name - Purchase date - Description of the issue 2. **Verify Warranty Status** - Check the product's warranty status based on the following criteria: - **Standard Warranty**: Most products come with a 1-year warranty from the date of purchase. - **Extended Warranty**: Some products may have an optional extended warranty purchased at the time of sale. - If the purchase date is within the warranty period, proceed to step 3. - If the purchase date is outside the warranty period, inform the customer that the warranty has expired and provide options for repair or replacement at their expense. 3. **Assess the Issue** - Determine if the issue is covered under the warranty by asking the following: - Is the issue due to a manufacturing defect? - Has the product been used according to the provided instructions? - If the issue is covered, proceed to step 4. - If the issue is not covered (e.g., due to misuse or accidental damage), inform the customer that the warranty does not apply and provide repair options. 4. **Process Warranty Claim** - If the warranty claim is valid: - Request the customer to provide proof of purchase (receipt or order confirmation). - Ask for any additional information or documentation needed (e.g., photos of the issue). - Confirm whether the customer prefers a repair, replacement, or refund. - If the customer opts for a replacement or refund, process the request according to company guidelines. 5. **Provide Instructions for Return** - If the product needs to be returned: - Provide the customer with a return shipping label and instructions on how to send the product back. - Inform them of the expected timeline for processing the warranty claim once the product is received. 6. **Follow-Up** - After processing the warranty claim, set a reminder to follow up with the customer within 7-10 business days to ensure their issue has been resolved satisfactorily. - Ask if there is anything else you can assist them with before closing the ticket. 7. **Documentation** - Document all interactions and decisions made regarding the warranty claim in the customer support system for future reference.","[{'role': 'user', 'content': 'I need help with a product issue.'}, {'role': 'assistant', 'content': ""Hello! I'd be happy to help you with that. Could you please provide me with the product name, purchase date, and a description of the issue?""}, {'role': 'user', 'content': ""It's a blender I bought on January 15, 2023. It stopped working suddenly.""}]","{'role': 'assistant', 'content': 'Thank you for the information. Since your purchase date is within the 1-year warranty period, I can assist you further. Can you tell me if the issue is due to a manufacturing defect and if the blender has been used according to the provided instructions?'}"
